"","mean_BM","median_BM","lower_BM","upper_BM","Strain","Insecticide"
"2.5%",0.0255830998813629,0.022860466845484,0.00410685120233848,0.0614460074473711,"Banfora","Permethrin"
