"","mean_BM","median_BM","lower_BM","upper_BM","Strain","Insecticide"
"2.5%",0.0181906429139211,0.0135747357221863,0.000419674374941333,0.060824986037253,"FUMOZ-R","Permethrin"
