"","mean_BM","median_BM","lower_BM","upper_BM","Strain","Insecticide"
"2.5%",0.026316207312145,0.0199362358597213,0.000848991919942768,0.0848671400731872,"Kisumu","Permethrin"
