"","mean_BM","median_BM","lower_BM","upper_BM","Strain","Insecticide"
"2.5%",0.0424231154072668,0.0377586175253845,0.00307835070397777,0.107627621168367,"Tiassale-13","Permethrin"
