"","mean_BM","median_BM","lower_BM","upper_BM","Strain","Insecticide"
"2.5%",0.0923644300983439,0.0817766123100215,0.00429211288153842,0.245167932624868,"VK72014","Permethrin"
