"","Strain","Insecticide","LC_mean","LC_median","LC_lower","LC_upper"
"1","FUMOZ-R","Permethrin",0.00337386253459393,0.00327272798996184,0.00265825147049395,0.00457506044572876
