"","Strain","Insecticide","LC_mean","LC_median","LC_lower","LC_upper"
"1","FUMOZ-R","Permethrin",0.00228781840271198,0.00227327296913408,0.00192530627962941,0.00274473642704743
