"","Strain","Insecticide","LC_mean","LC_median","LC_lower","LC_upper"
"1","Kisumu","Permethrin",0.000375065644389742,0.000307570228999979,0.000199853817766958,0.000980451232418096
