"","Strain","Insecticide","LC_mean","LC_median","LC_lower","LC_upper"
"1","Banfora","Permethrin",0.00675462465017484,0.00425346491332917,0.00165927035724098,0.0207732280710855
