"","Strain","Insecticide","LC_mean","LC_median","LC_lower","LC_upper"
"1","FUMOZ-R","Permethrin",0.00129400490145046,0.00128894988653333,0.00110429066013292,0.00151052359935214
