"","Strain","Insecticide","LC_mean","LC_median","LC_lower","LC_upper"
"1","Tiassale-13","Permethrin",0.0142768636838505,0.0135345048308004,0.00870104018323654,0.0242889034038643
