"","Strain","Insecticide","LC_mean","LC_median","LC_lower","LC_upper"
"1","FUMOZ-R","Permethrin",0.000568472135952358,0.00056072607502971,0.000440975757160403,0.000748194112904493
