"","Strain","Insecticide","LC_mean","LC_median","LC_lower","LC_upper"
"1","Banfora","Permethrin",0.0019194187366775,0.00171317962083898,0.00112464865876293,0.0038414728701752
