"","Strain","Insecticide","LC_mean","LC_median","LC_lower","LC_upper"
"1","Banfora","Permethrin",0.000850657906408825,0.000793095569898268,0.000502326320198576,0.00151344100980155
