"","Strain","Insecticide","LC_mean","LC_median","LC_lower","LC_upper"
"1","VK72014","Permethrin",0.00171731127985936,0.00164500973135407,0.000786284954789556,0.00304267603964192
