"","Strain","Insecticide","LC_mean","LC_median","LC_lower","LC_upper"
"1","Banfora","Permethrin",0.0036745433816763,0.00294404837599337,0.00144396930132998,0.00946897119581442
