"","Strain","Insecticide","LC_mean","LC_median","LC_lower","LC_upper"
"1","Kisumu","Permethrin",0.000150530998698613,0.000146121629297962,0.000107390143382659,0.000219702772707183
