"","Strain","Insecticide","LC_mean","LC_median","LC_lower","LC_upper"
"1","Tiassale-13","Permethrin",0.0369161651057921,0.0305846991873101,0.016622709564151,0.0907288804587161
