"","Strain","Insecticide","LC_mean","LC_median","LC_lower","LC_upper"
"1","VK72014","Permethrin",0.0181195581378119,0.0161817771591851,0.0112714397573619,0.0342277970801852
