"","Strain","Insecticide","LC_mean","LC_median","LC_lower","LC_upper"
"1","Tiassale-13","Permethrin",0.00076887539948199,0.000691864309349754,0.000239580926231348,0.00175388574508666
