"","Strain","Insecticide","LC_mean","LC_median","LC_lower","LC_upper"
"1","VK72014","Permethrin",0.0104305259972894,0.0100842569121894,0.00830187982564626,0.0147151616481963
