"","Strain","Insecticide","LC_mean","LC_median","LC_lower","LC_upper"
"1","VK72014","Permethrin",0.00488649823442238,0.00485063678606574,0.00398794939115204,0.00599373611384293
