"","Strain","Insecticide","LC_mean","LC_median","LC_lower","LC_upper"
"1","Tiassale-13","Permethrin",0.00409358133374482,0.00398143609205248,0.00256047749350714,0.00617979540220357
